hios_plan_id,plan_year,sbc_url,verified_on,note
40513CA0380001,2026,https://healthy.kaiserpermanente.org/content/dam/kporg/final/documents/health-plan-documents/summary-of-benefits/ca/individual-family/2026/40513CA0380001-01-en-2026.pdf,2026-09-26,named by HIOS ID (-01 standard); manual only
40513CA0380002,2026,https://healthy.kaiserpermanente.org/content/dam/kporg/final/documents/health-plan-documents/summary-of-benefits/ca/individual-family/2026/40513CA0380002-01-en-2026.pdf,2026-09-26,named by HIOS ID (-01 standard); manual only
40513CA0380003,2026,https://healthy.kaiserpermanente.org/content/dam/kporg/final/documents/health-plan-documents/summary-of-benefits/ca/individual-family/2026/40513CA0380003-01-en-2026.pdf,2026-09-26,named by HIOS ID (-01 standard); manual only
40513CA0380004,2026,https://healthy.kaiserpermanente.org/content/dam/kporg/final/documents/health-plan-documents/summary-of-benefits/ca/individual-family/2026/40513CA0380004-01-en-2026.pdf,2026-09-26,named by HIOS ID (-01 standard); manual only
40513CA0380005,2026,https://healthy.kaiserpermanente.org/content/dam/kporg/final/documents/health-plan-documents/summary-of-benefits/ca/individual-family/2026/40513CA0380005-01-en-2026.pdf,2026-09-26,named by HIOS ID (-01 standard); manual only
40513CA0380006,2026,https://healthy.kaiserpermanente.org/content/dam/kporg/final/documents/health-plan-documents/summary-of-benefits/ca/individual-family/2026/40513CA0380006-01-en-2026.pdf,2026-09-26,named by HIOS ID (-01 standard); manual only
40513CA0380013,2026,https://healthy.kaiserpermanente.org/content/dam/kporg/final/documents/health-plan-documents/summary-of-benefits/ca/individual-family/2026/40513CA0380013-01-en-2026.pdf,2026-09-26,named by HIOS ID (-01 standard); manual only
51396CA0010001,2026,https://www.iehp.org/content/dam/iehp-org/en/documents/coveredcalifornia/summary-of-benefits-and-coverage/2026/on-exchange/2026-Minimum-Coverage-SBC.pdf,2026-09-26,"listed on IEHP's Covered California page, by metal"
51396CA0010002,2026,https://www.iehp.org/content/dam/iehp-org/en/documents/coveredcalifornia/summary-of-benefits-and-coverage/2026/on-exchange/2026-Bronze-60-SBC.pdf,2026-09-26,"listed on IEHP's Covered California page, by metal"
51396CA0010003,2026,https://www.iehp.org/content/dam/iehp-org/en/documents/coveredcalifornia/summary-of-benefits-and-coverage/2026/on-exchange/2026-Silver-70-SBC.pdf,2026-09-26,"listed on IEHP's Covered California page, by metal"
51396CA0010004,2026,https://www.iehp.org/content/dam/iehp-org/en/documents/coveredcalifornia/summary-of-benefits-and-coverage/2026/on-exchange/2026-Gold-80-SBC.pdf,2026-09-26,"listed on IEHP's Covered California page, by metal"
51396CA0010005,2026,https://www.iehp.org/content/dam/iehp-org/en/documents/coveredcalifornia/summary-of-benefits-and-coverage/2026/on-exchange/2026-Platinum-90-SBC.pdf,2026-09-26,"listed on IEHP's Covered California page, by metal"
18126CA0010001,2026,https://www.molinamarketplace.com/marketplace/ca/en-us/-/media/Molina/PublicWebsite/PDF/members/ca/en-us/Marketplace/2026/CA26SBCE_P90_1.pdf,2026-09-26,beside the listed EOC (EOCE->SBCE); printed name checked
18126CA0010002,2026,https://www.molinamarketplace.com/marketplace/ca/en-us/-/media/Molina/PublicWebsite/PDF/members/ca/en-us/Marketplace/2026/CA26SBCE_G80_1.pdf,2026-09-26,beside the listed EOC (EOCE->SBCE); printed name checked
18126CA0010003,2026,https://www.molinamarketplace.com/marketplace/ca/en-us/-/media/Molina/PublicWebsite/PDF/members/ca/en-us/Marketplace/2026/CA26SBCE_S70_1.pdf,2026-09-26,beside the listed EOC (EOCE->SBCE); printed name checked
18126CA0010004,2026,https://www.molinamarketplace.com/marketplace/ca/en-us/-/media/Molina/PublicWebsite/PDF/members/ca/en-us/Marketplace/2026/CA26SBCE_B60_1.pdf,2026-09-26,beside the listed EOC (EOCE->SBCE); printed name checked
18126CA0010005,2026,https://www.molinamarketplace.com/marketplace/ca/en-us/-/media/Molina/PublicWebsite/PDF/members/ca/en-us/Marketplace/2026/CA26SBCE_M1_1.pdf,2026-09-26,beside the listed EOC (EOCE->SBCE); printed name checked
92499CA0020001,2026,https://www.sharphealthplan.com/docs/default-source/plan-documents/summary-of-benefits-and-coverage/26750_sharp-platinum-90-hmo.pdf?sfvrsn=f323a680_1,2026-09-26,prints its own HIOS ID (-01)
92499CA0020002,2026,https://www.sharphealthplan.com/docs/default-source/plan-documents/summary-of-benefits-and-coverage/26752_sharp-platinum-90-hmo.pdf?sfvrsn=ea23a680_1,2026-09-26,prints its own HIOS ID (-01)
92499CA0020003,2026,https://www.sharphealthplan.com/docs/default-source/plan-documents/summary-of-benefits-and-coverage/26754_sharp-gold-80-hmo.pdf?sfvrsn=e223a680_1,2026-09-26,prints its own HIOS ID (-01)
92499CA0020004,2026,https://www.sharphealthplan.com/docs/default-source/plan-documents/summary-of-benefits-and-coverage/26756_sharp-gold-80-hmo.pdf?sfvrsn=1d2ca680_1,2026-09-26,prints its own HIOS ID (-01)
92499CA0020005,2026,https://www.sharphealthplan.com/docs/default-source/plan-documents/summary-of-benefits-and-coverage/26758_sharp-silver-70-hmo.pdf?sfvrsn=1c2ca680_1,2026-09-26,prints its own HIOS ID (-01)
92499CA0020006,2026,https://www.sharphealthplan.com/docs/default-source/plan-documents/summary-of-benefits-and-coverage/26760_sharp-silver-70-hmo.pdf?sfvrsn=9e2ca680_1,2026-09-26,prints its own HIOS ID (-01)
92499CA0020008,2026,https://www.sharphealthplan.com/docs/default-source/plan-documents/summary-of-benefits-and-coverage/26768_sharp-bronze-60-hmo.pdf?sfvrsn=992ca680_1,2026-09-26,prints its own HIOS ID (-01)
92499CA0020009,2026,https://www.sharphealthplan.com/docs/default-source/plan-documents/summary-of-benefits-and-coverage/26770_sharp-bronze-60-hdhp-hmo.pdf?sfvrsn=852ca680_1,2026-09-26,prints its own HIOS ID (-01)
92499CA0020010,2026,https://www.sharphealthplan.com/docs/default-source/plan-documents/summary-of-benefits-and-coverage/26772_sharp-minimum-coverage-hmo.pdf?sfvrsn=8a2ca680_1,2026-09-26,prints its own HIOS ID (-01)
70285CA1250001,2026,https://www.blueshieldca.com/memberwebapp/unauth-document-download?fileName=Blue_Shield_Platinum_90_PPO__ML002166_01-26_SBC.pdf,2026-09-26,Covered California file on Blue Shield's IFP document page; manual only
70285CA1270001,2026,https://www.blueshieldca.com/memberwebapp/unauth-document-download?fileName=Blue_Shield_Gold_80_PPO__ML002169_01-26_SBC.pdf,2026-09-26,Covered California file on Blue Shield's IFP document page; manual only
70285CA1290001,2026,https://www.blueshieldca.com/memberwebapp/unauth-document-download?fileName=Blue_Shield_Silver_70_PPO__ML002175_01-26_SBC.pdf,2026-09-26,Covered California file on Blue Shield's IFP document page; manual only
70285CA1310001,2026,https://www.blueshieldca.com/memberwebapp/unauth-document-download?fileName=Blue_Shield_Bronze_60_PPO__ML002187_01-26_SBC.pdf,2026-09-26,Covered California file on Blue Shield's IFP document page; manual only
70285CA1320001,2026,https://www.blueshieldca.com/memberwebapp/unauth-document-download?fileName=Blue_Shield_Bronze_60_HDHP_PPO__ML002193_01-26_SBC.pdf,2026-09-26,Covered California file on Blue Shield's IFP document page; manual only
70285CA1350001,2026,https://www.blueshieldca.com/memberwebapp/unauth-document-download?fileName=Blue_Shield_Minimum_Coverage_PPO__ML002196_01-26_SBC.pdf,2026-09-26,Covered California file on Blue Shield's IFP document page; manual only
70285CA8040001,2026,https://www.blueshieldca.com/memberwebapp/unauth-document-download?fileName=Blue_Shield_Gold_80_Trio_HMO__MI011314_01-26_SBC.pdf,2026-09-26,Trio HMO rating area 1: one SBC per metal serves all 18; manual only
70285CA8040002,2026,https://www.blueshieldca.com/memberwebapp/unauth-document-download?fileName=Blue_Shield_Gold_80_Trio_HMO__MI011314_01-26_SBC.pdf,2026-09-26,Trio HMO rating area 2: one SBC per metal serves all 18; manual only
70285CA8040003,2026,https://www.blueshieldca.com/memberwebapp/unauth-document-download?fileName=Blue_Shield_Gold_80_Trio_HMO__MI011314_01-26_SBC.pdf,2026-09-26,Trio HMO rating area 3: one SBC per metal serves all 18; manual only
70285CA8040004,2026,https://www.blueshieldca.com/memberwebapp/unauth-document-download?fileName=Blue_Shield_Gold_80_Trio_HMO__MI011314_01-26_SBC.pdf,2026-09-26,Trio HMO rating area 4: one SBC per metal serves all 18; manual only
70285CA8040005,2026,https://www.blueshieldca.com/memberwebapp/unauth-document-download?fileName=Blue_Shield_Gold_80_Trio_HMO__MI011314_01-26_SBC.pdf,2026-09-26,Trio HMO rating area 5: one SBC per metal serves all 18; manual only
70285CA8040006,2026,https://www.blueshieldca.com/memberwebapp/unauth-document-download?fileName=Blue_Shield_Gold_80_Trio_HMO__MI011314_01-26_SBC.pdf,2026-09-26,Trio HMO rating area 6: one SBC per metal serves all 18; manual only
70285CA8040007,2026,https://www.blueshieldca.com/memberwebapp/unauth-document-download?fileName=Blue_Shield_Gold_80_Trio_HMO__MI011314_01-26_SBC.pdf,2026-09-26,Trio HMO rating area 7: one SBC per metal serves all 18; manual only
70285CA8040008,2026,https://www.blueshieldca.com/memberwebapp/unauth-document-download?fileName=Blue_Shield_Gold_80_Trio_HMO__MI011314_01-26_SBC.pdf,2026-09-26,Trio HMO rating area 8: one SBC per metal serves all 18; manual only
70285CA8040009,2026,https://www.blueshieldca.com/memberwebapp/unauth-document-download?fileName=Blue_Shield_Gold_80_Trio_HMO__MI011314_01-26_SBC.pdf,2026-09-26,Trio HMO rating area 9: one SBC per metal serves all 18; manual only
70285CA8040010,2026,https://www.blueshieldca.com/memberwebapp/unauth-document-download?fileName=Blue_Shield_Gold_80_Trio_HMO__MI011314_01-26_SBC.pdf,2026-09-26,Trio HMO rating area 10: one SBC per metal serves all 18; manual only
70285CA8040011,2026,https://www.blueshieldca.com/memberwebapp/unauth-document-download?fileName=Blue_Shield_Gold_80_Trio_HMO__MI011314_01-26_SBC.pdf,2026-09-26,Trio HMO rating area 11: one SBC per metal serves all 18; manual only
70285CA8040012,2026,https://www.blueshieldca.com/memberwebapp/unauth-document-download?fileName=Blue_Shield_Gold_80_Trio_HMO__MI011314_01-26_SBC.pdf,2026-09-26,Trio HMO rating area 12: one SBC per metal serves all 18; manual only
70285CA8040014,2026,https://www.blueshieldca.com/memberwebapp/unauth-document-download?fileName=Blue_Shield_Gold_80_Trio_HMO__MI011314_01-26_SBC.pdf,2026-09-26,Trio HMO rating area 14: one SBC per metal serves all 18; manual only
70285CA8040015,2026,https://www.blueshieldca.com/memberwebapp/unauth-document-download?fileName=Blue_Shield_Gold_80_Trio_HMO__MI011314_01-26_SBC.pdf,2026-09-26,Trio HMO rating area 15: one SBC per metal serves all 18; manual only
70285CA8040016,2026,https://www.blueshieldca.com/memberwebapp/unauth-document-download?fileName=Blue_Shield_Gold_80_Trio_HMO__MI011314_01-26_SBC.pdf,2026-09-26,Trio HMO rating area 16: one SBC per metal serves all 18; manual only
70285CA8040017,2026,https://www.blueshieldca.com/memberwebapp/unauth-document-download?fileName=Blue_Shield_Gold_80_Trio_HMO__MI011314_01-26_SBC.pdf,2026-09-26,Trio HMO rating area 17: one SBC per metal serves all 18; manual only
70285CA8040018,2026,https://www.blueshieldca.com/memberwebapp/unauth-document-download?fileName=Blue_Shield_Gold_80_Trio_HMO__MI011314_01-26_SBC.pdf,2026-09-26,Trio HMO rating area 18: one SBC per metal serves all 18; manual only
70285CA8040019,2026,https://www.blueshieldca.com/memberwebapp/unauth-document-download?fileName=Blue_Shield_Gold_80_Trio_HMO__MI011314_01-26_SBC.pdf,2026-09-26,Trio HMO rating area 19: one SBC per metal serves all 18; manual only
70285CA8050001,2026,https://www.blueshieldca.com/memberwebapp/unauth-document-download?fileName=Blue_Shield_Platinum_90_Trio_HMO__MI011317_01-26_SBC.pdf,2026-09-26,Trio HMO rating area 1: one SBC per metal serves all 18; manual only
70285CA8050002,2026,https://www.blueshieldca.com/memberwebapp/unauth-document-download?fileName=Blue_Shield_Platinum_90_Trio_HMO__MI011317_01-26_SBC.pdf,2026-09-26,Trio HMO rating area 2: one SBC per metal serves all 18; manual only
70285CA8050003,2026,https://www.blueshieldca.com/memberwebapp/unauth-document-download?fileName=Blue_Shield_Platinum_90_Trio_HMO__MI011317_01-26_SBC.pdf,2026-09-26,Trio HMO rating area 3: one SBC per metal serves all 18; manual only
70285CA8050004,2026,https://www.blueshieldca.com/memberwebapp/unauth-document-download?fileName=Blue_Shield_Platinum_90_Trio_HMO__MI011317_01-26_SBC.pdf,2026-09-26,Trio HMO rating area 4: one SBC per metal serves all 18; manual only
70285CA8050005,2026,https://www.blueshieldca.com/memberwebapp/unauth-document-download?fileName=Blue_Shield_Platinum_90_Trio_HMO__MI011317_01-26_SBC.pdf,2026-09-26,Trio HMO rating area 5: one SBC per metal serves all 18; manual only
70285CA8050006,2026,https://www.blueshieldca.com/memberwebapp/unauth-document-download?fileName=Blue_Shield_Platinum_90_Trio_HMO__MI011317_01-26_SBC.pdf,2026-09-26,Trio HMO rating area 6: one SBC per metal serves all 18; manual only
70285CA8050007,2026,https://www.blueshieldca.com/memberwebapp/unauth-document-download?fileName=Blue_Shield_Platinum_90_Trio_HMO__MI011317_01-26_SBC.pdf,2026-09-26,Trio HMO rating area 7: one SBC per metal serves all 18; manual only
70285CA8050008,2026,https://www.blueshieldca.com/memberwebapp/unauth-document-download?fileName=Blue_Shield_Platinum_90_Trio_HMO__MI011317_01-26_SBC.pdf,2026-09-26,Trio HMO rating area 8: one SBC per metal serves all 18; manual only
70285CA8050009,2026,https://www.blueshieldca.com/memberwebapp/unauth-document-download?fileName=Blue_Shield_Platinum_90_Trio_HMO__MI011317_01-26_SBC.pdf,2026-09-26,Trio HMO rating area 9: one SBC per metal serves all 18; manual only
70285CA8050010,2026,https://www.blueshieldca.com/memberwebapp/unauth-document-download?fileName=Blue_Shield_Platinum_90_Trio_HMO__MI011317_01-26_SBC.pdf,2026-09-26,Trio HMO rating area 10: one SBC per metal serves all 18; manual only
70285CA8050011,2026,https://www.blueshieldca.com/memberwebapp/unauth-document-download?fileName=Blue_Shield_Platinum_90_Trio_HMO__MI011317_01-26_SBC.pdf,2026-09-26,Trio HMO rating area 11: one SBC per metal serves all 18; manual only
70285CA8050012,2026,https://www.blueshieldca.com/memberwebapp/unauth-document-download?fileName=Blue_Shield_Platinum_90_Trio_HMO__MI011317_01-26_SBC.pdf,2026-09-26,Trio HMO rating area 12: one SBC per metal serves all 18; manual only
70285CA8050014,2026,https://www.blueshieldca.com/memberwebapp/unauth-document-download?fileName=Blue_Shield_Platinum_90_Trio_HMO__MI011317_01-26_SBC.pdf,2026-09-26,Trio HMO rating area 14: one SBC per metal serves all 18; manual only
70285CA8050015,2026,https://www.blueshieldca.com/memberwebapp/unauth-document-download?fileName=Blue_Shield_Platinum_90_Trio_HMO__MI011317_01-26_SBC.pdf,2026-09-26,Trio HMO rating area 15: one SBC per metal serves all 18; manual only
70285CA8050016,2026,https://www.blueshieldca.com/memberwebapp/unauth-document-download?fileName=Blue_Shield_Platinum_90_Trio_HMO__MI011317_01-26_SBC.pdf,2026-09-26,Trio HMO rating area 16: one SBC per metal serves all 18; manual only
70285CA8050017,2026,https://www.blueshieldca.com/memberwebapp/unauth-document-download?fileName=Blue_Shield_Platinum_90_Trio_HMO__MI011317_01-26_SBC.pdf,2026-09-26,Trio HMO rating area 17: one SBC per metal serves all 18; manual only
70285CA8050018,2026,https://www.blueshieldca.com/memberwebapp/unauth-document-download?fileName=Blue_Shield_Platinum_90_Trio_HMO__MI011317_01-26_SBC.pdf,2026-09-26,Trio HMO rating area 18: one SBC per metal serves all 18; manual only
70285CA8050019,2026,https://www.blueshieldca.com/memberwebapp/unauth-document-download?fileName=Blue_Shield_Platinum_90_Trio_HMO__MI011317_01-26_SBC.pdf,2026-09-26,Trio HMO rating area 19: one SBC per metal serves all 18; manual only
70285CA8060001,2026,https://www.blueshieldca.com/memberwebapp/unauth-document-download?fileName=Blue_Shield_Silver_70_Trio_HMO__MI011320_01-26_SBC.pdf,2026-09-26,Trio HMO rating area 1: one SBC per metal serves all 18; manual only
70285CA8060002,2026,https://www.blueshieldca.com/memberwebapp/unauth-document-download?fileName=Blue_Shield_Silver_70_Trio_HMO__MI011320_01-26_SBC.pdf,2026-09-26,Trio HMO rating area 2: one SBC per metal serves all 18; manual only
70285CA8060003,2026,https://www.blueshieldca.com/memberwebapp/unauth-document-download?fileName=Blue_Shield_Silver_70_Trio_HMO__MI011320_01-26_SBC.pdf,2026-09-26,Trio HMO rating area 3: one SBC per metal serves all 18; manual only
70285CA8060004,2026,https://www.blueshieldca.com/memberwebapp/unauth-document-download?fileName=Blue_Shield_Silver_70_Trio_HMO__MI011320_01-26_SBC.pdf,2026-09-26,Trio HMO rating area 4: one SBC per metal serves all 18; manual only
70285CA8060005,2026,https://www.blueshieldca.com/memberwebapp/unauth-document-download?fileName=Blue_Shield_Silver_70_Trio_HMO__MI011320_01-26_SBC.pdf,2026-09-26,Trio HMO rating area 5: one SBC per metal serves all 18; manual only
70285CA8060006,2026,https://www.blueshieldca.com/memberwebapp/unauth-document-download?fileName=Blue_Shield_Silver_70_Trio_HMO__MI011320_01-26_SBC.pdf,2026-09-26,Trio HMO rating area 6: one SBC per metal serves all 18; manual only
70285CA8060007,2026,https://www.blueshieldca.com/memberwebapp/unauth-document-download?fileName=Blue_Shield_Silver_70_Trio_HMO__MI011320_01-26_SBC.pdf,2026-09-26,Trio HMO rating area 7: one SBC per metal serves all 18; manual only
70285CA8060008,2026,https://www.blueshieldca.com/memberwebapp/unauth-document-download?fileName=Blue_Shield_Silver_70_Trio_HMO__MI011320_01-26_SBC.pdf,2026-09-26,Trio HMO rating area 8: one SBC per metal serves all 18; manual only
70285CA8060009,2026,https://www.blueshieldca.com/memberwebapp/unauth-document-download?fileName=Blue_Shield_Silver_70_Trio_HMO__MI011320_01-26_SBC.pdf,2026-09-26,Trio HMO rating area 9: one SBC per metal serves all 18; manual only
70285CA8060010,2026,https://www.blueshieldca.com/memberwebapp/unauth-document-download?fileName=Blue_Shield_Silver_70_Trio_HMO__MI011320_01-26_SBC.pdf,2026-09-26,Trio HMO rating area 10: one SBC per metal serves all 18; manual only
70285CA8060011,2026,https://www.blueshieldca.com/memberwebapp/unauth-document-download?fileName=Blue_Shield_Silver_70_Trio_HMO__MI011320_01-26_SBC.pdf,2026-09-26,Trio HMO rating area 11: one SBC per metal serves all 18; manual only
70285CA8060012,2026,https://www.blueshieldca.com/memberwebapp/unauth-document-download?fileName=Blue_Shield_Silver_70_Trio_HMO__MI011320_01-26_SBC.pdf,2026-09-26,Trio HMO rating area 12: one SBC per metal serves all 18; manual only
70285CA8060014,2026,https://www.blueshieldca.com/memberwebapp/unauth-document-download?fileName=Blue_Shield_Silver_70_Trio_HMO__MI011320_01-26_SBC.pdf,2026-09-26,Trio HMO rating area 14: one SBC per metal serves all 18; manual only
70285CA8060015,2026,https://www.blueshieldca.com/memberwebapp/unauth-document-download?fileName=Blue_Shield_Silver_70_Trio_HMO__MI011320_01-26_SBC.pdf,2026-09-26,Trio HMO rating area 15: one SBC per metal serves all 18; manual only
70285CA8060016,2026,https://www.blueshieldca.com/memberwebapp/unauth-document-download?fileName=Blue_Shield_Silver_70_Trio_HMO__MI011320_01-26_SBC.pdf,2026-09-26,Trio HMO rating area 16: one SBC per metal serves all 18; manual only
70285CA8060017,2026,https://www.blueshieldca.com/memberwebapp/unauth-document-download?fileName=Blue_Shield_Silver_70_Trio_HMO__MI011320_01-26_SBC.pdf,2026-09-26,Trio HMO rating area 17: one SBC per metal serves all 18; manual only
70285CA8060018,2026,https://www.blueshieldca.com/memberwebapp/unauth-document-download?fileName=Blue_Shield_Silver_70_Trio_HMO__MI011320_01-26_SBC.pdf,2026-09-26,Trio HMO rating area 18: one SBC per metal serves all 18; manual only
70285CA8060019,2026,https://www.blueshieldca.com/memberwebapp/unauth-document-download?fileName=Blue_Shield_Silver_70_Trio_HMO__MI011320_01-26_SBC.pdf,2026-09-26,Trio HMO rating area 19: one SBC per metal serves all 18; manual only
93689CA0110001,2026,https://www.westernhealth.com/shop/?sp=plan-sbc&componentName=01-Jan-2026_2IP_2IP_EF_ENGL&sbcEffectiveDate=01/01/2026&medicalPlanID=2IP&language=ENGL&productId=IEP&prescriptionPlanProductId=IEP,2026-09-26,rating area 2; Covered California product IEP; manual only
93689CA0150001,2026,https://www.westernhealth.com/shop/?sp=plan-sbc&componentName=01-Jan-2026_2IP_2IP_EF_ENGL&sbcEffectiveDate=01/01/2026&medicalPlanID=2IP&language=ENGL&productId=IEP&prescriptionPlanProductId=IEP,2026-09-26,rating area 3; Covered California product IEP; manual only
93689CA0110002,2026,https://www.westernhealth.com/shop/?sp=plan-sbc&componentName=01-Jan-2026_2IG_2IG_EF_ENGL&sbcEffectiveDate=01/01/2026&medicalPlanID=2IG&language=ENGL&productId=IEG&prescriptionPlanProductId=IEG,2026-09-26,rating area 2; Covered California product IEG; manual only
93689CA0150002,2026,https://www.westernhealth.com/shop/?sp=plan-sbc&componentName=01-Jan-2026_2IG_2IG_EF_ENGL&sbcEffectiveDate=01/01/2026&medicalPlanID=2IG&language=ENGL&productId=IEG&prescriptionPlanProductId=IEG,2026-09-26,rating area 3; Covered California product IEG; manual only
93689CA0120001,2026,https://www.westernhealth.com/shop/?sp=plan-sbc&componentName=01-Jan-2026_2IS_2IS_EF_ENGL&sbcEffectiveDate=01/01/2026&medicalPlanID=2IS&language=ENGL&productId=IES&prescriptionPlanProductId=IES,2026-09-26,rating area 2; Covered California product IES; manual only
93689CA0160001,2026,https://www.westernhealth.com/shop/?sp=plan-sbc&componentName=01-Jan-2026_2IS_2IS_EF_ENGL&sbcEffectiveDate=01/01/2026&medicalPlanID=2IS&language=ENGL&productId=IES&prescriptionPlanProductId=IES,2026-09-26,rating area 3; Covered California product IES; manual only
93689CA0120004,2026,https://www.westernhealth.com/shop/?sp=plan-sbc&componentName=01-Jan-2026_2IB_2IB_EF_ENGL&sbcEffectiveDate=01/01/2026&medicalPlanID=2IB&language=ENGL&productId=IEB&prescriptionPlanProductId=IEB,2026-09-26,rating area 2; Covered California product IEB; manual only
93689CA0160002,2026,https://www.westernhealth.com/shop/?sp=plan-sbc&componentName=01-Jan-2026_2IB_2IB_EF_ENGL&sbcEffectiveDate=01/01/2026&medicalPlanID=2IB&language=ENGL&productId=IEB&prescriptionPlanProductId=IEB,2026-09-26,rating area 3; Covered California product IEB; manual only
93689CA0120005,2026,https://www.westernhealth.com/shop/?sp=plan-sbc&componentName=01-Jan-2026_2MC_2MC_EF_ENGL&sbcEffectiveDate=01/01/2026&medicalPlanID=2MC&language=ENGL&productId=IEMC&prescriptionPlanProductId=IEMC,2026-09-26,rating area 2; Covered California product IEMC; manual only
93689CA0160003,2026,https://www.westernhealth.com/shop/?sp=plan-sbc&componentName=01-Jan-2026_2MC_2MC_EF_ENGL&sbcEffectiveDate=01/01/2026&medicalPlanID=2MC&language=ENGL&productId=IEMC&prescriptionPlanProductId=IEMC,2026-09-26,rating area 3; Covered California product IEMC; manual only
27603CA1150036,2026,https://sbc.anthem.com/dpsdeeplink/deepLink/AnthemSilver70HMO/8XWT/English/DG166709956521.pdf,2026-09-26,deep link inferred from the SBC posting site (contract 8XWT); unverified until downloaded; manual only
27603CA1150037,2026,https://sbc.anthem.com/dpsdeeplink/deepLink/AnthemGold80HMO/8XXA/English/DG166709956514.pdf,2026-09-26,deep link inferred from the SBC posting site (contract 8XXA); unverified until downloaded; manual only
27603CA1150038,2026,https://sbc.anthem.com/dpsdeeplink/deepLink/AnthemPlatinum90HMO/8XWY/English/DG166709956741.pdf,2026-09-26,deep link inferred from the SBC posting site (contract 8XWY); unverified until downloaded; manual only
27603CA1150039,2026,https://sbc.anthem.com/dpsdeeplink/deepLink/AnthemBronze60HMO/8XW0/English/DG166709956513.pdf,2026-09-26,deep link inferred from the SBC posting site (contract 8XW0); unverified until downloaded; manual only
27603CA1150040,2026,https://sbc.anthem.com/dpsdeeplink/deepLink/AnthemMinimumCoverageHMO/8XWA/English/DG166709956740.pdf,2026-09-26,deep link inferred from the SBC posting site (contract 8XWA); unverified until downloaded; manual only
27603CA1500005,2026,https://sbc.anthem.com/dpsdeeplink/deepLink/AnthemGold80EPO/8XW6/English/DG166710600206.pdf,2026-09-26,deep link inferred from the SBC posting site (contract 8XW6); unverified until downloaded; manual only
27603CA1500006,2026,https://sbc.anthem.com/dpsdeeplink/deepLink/AnthemSilver70EPO/8XX9/English/DG166710600056.pdf,2026-09-26,deep link inferred from the SBC posting site (contract 8XX9); unverified until downloaded; manual only
27603CA1500007,2026,https://sbc.anthem.com/dpsdeeplink/deepLink/AnthemMinimumCoverageEPO/8XX0/English/DG166710600209.pdf,2026-09-26,deep link inferred from the SBC posting site (contract 8XX0); unverified until downloaded; manual only
27603CA1500008,2026,https://sbc.anthem.com/dpsdeeplink/deepLink/AnthemPlatinum90EPO/8XX1/English/DG166710600044.pdf,2026-09-26,deep link inferred from the SBC posting site (contract 8XX1); unverified until downloaded; manual only
27603CA1500009,2026,https://sbc.anthem.com/dpsdeeplink/deepLink/AnthemBronze60EPO/8XVZ/English/DG166710600179.pdf,2026-09-26,deep link inferred from the SBC posting site (contract 8XVZ); unverified until downloaded; manual only
27603CA1500010,2026,https://sbc.anthem.com/dpsdeeplink/deepLink/AnthemBronze60HDHPEPO/8XXF/English/DG166710600207.pdf,2026-09-26,deep link inferred from the SBC posting site (contract 8XXF); unverified until downloaded; manual only
92815CA0010004,2026,https://www.lacare.org/sites/default/files/la4307_lacc_sbc_bronze_60_hmo_en_202508.pdf,2026-09-26,"from a search result, never fetched; unverified until downloaded; manual only"
92815CA0010005,2026,https://www.lacare.org/sites/default/files/la4307_lacc_sbc_minimum_coverage_en_202508.pdf,2026-09-26,"from a search result, never fetched; unverified until downloaded; manual only"
92815CA0010006,2026,https://www.lacare.org/sites/default/files/la4307_lacc_sbc_platinum_90_hmo_en_202508.pdf,2026-09-26,"from a search result, never fetched; unverified until downloaded; manual only"
92815CA0010007,2026,https://www.lacare.org/sites/default/files/la4307_lacc_sbc_gold_80_hmo_en_202508.pdf,2026-09-26,"from a search result, never fetched; unverified until downloaded; manual only"
92815CA0010008,2026,https://www.lacare.org/sites/default/files/la4307_lacc_sbc_silver_70_hmo_en_202508.pdf,2026-09-26,"from a search result, never fetched; unverified until downloaded; manual only"
84014CA0010002,2026,https://files.santaclaracounty.gov/exjcpb1461/2025-10/sbc-2026-gold80-en.pdf?VersionId=I4NbNB5m6_8dmo67YyIEBTyqhJnXM8wP,2026-09-26,"from a search result, never fetched; unverified until downloaded; manual only"
84014CA0010004,2026,https://files.santaclaracounty.gov/exjcpb1461/2025-10/sbc-2026-bronze60-en.pdf?VersionId=CjAIgv5nJE5CHcrC5hRxdLO1Jz_AXoOU,2026-09-26,"from a search result, never fetched; unverified until downloaded; manual only"
